letter,count_all,count_uppercase,percentage
P,2,1,50.0
R,4,0,0.0
I,2,0,0.0
V,1,0,0.0
A,17,5,29.411764705882355
T,7,1,14.285714285714285
E,5,0,0.0
D,8,0,0.0
S,20,2,10.0
F,7,0,0.0
C,2,0,0.0
U,2,0,0.0
L,6,0,0.0
N,5,1,20.0
Y,2,0,0.0
W,1,0,0.0
G,2,1,50.0
B,2,0,0.0
H,1,0,0.0
O,4,0,0.0
K,3,0,0.0
